[{
  "_id": {
    "$oid": "5ff72a0d757966ca009e3ec5"
  },
  "customer_id": 1,
  "customer_name": "Richard Pound",
  "customer_gender": "Male",
  "customer_age": 69,
  "customer_address": [
    {
      "house_number": 18,
      "street": "High Street",
      "city": "Dudley",
      "postcode": "DY42 8JL"
    }
  ],
  "current_order": [
    {
      "current_orderID": 11,
      "total_cost": 108.93,
      "current_order_item": [
        {
          "item": 7,
          "quantity": 2
        },
        {
          "item": 12,
          "quantity": 1
        },
        {
          "item": 11,
          "quantity": 1
        }
      ]
    },
    {
      "current_orderID": 12,
      "total_cost": 19.48,
      "current_order_item": [
        {
          "item": 5,
          "quantity": 1
        },
        {
          "item": 8,
          "quantity": 1
        }
      ]
    },
    {
      "current_orderID": 13,
      "total_cost": 319,
      "current_order_item": [
        {
          "item": 14,
          "quantity": 1
        }
      ]
    }
  ],
  "recommended_products": [
    4,
    6,
    3
  ]
},{
  "_id": {
    "$oid": "5ff72a0d757966ca009e3ec6"
  },
  "customer_id": 2,
  "customer_name": "Alice McGuiness",
  "customer_gender": "Female",
  "customer_age": 19,
  "customer_address": [
    {
      "house_number": 65,
      "street": "Queens Road",
      "city": "Enfield",
      "postcode": "EN92 8TY"
    }
  ],
  "current_order": [
    {
      "current_orderID": 21,
      "total_cost": 179.98,
      "current_order_item": [
        {
          "item": 13,
          "quantity": 2
        }
      ]
    },
    {
      "current_orderID": 22,
      "total_cost": 19.48,
      "current_order_item": [
        {
          "item": 3,
          "quantity": 3
        }
      ]
    }
  ],
  "recommended_products": [
    2,
    1
  ]
},{
  "_id": {
    "$oid": "5ff72a0d757966ca009e3ec7"
  },
  "customer_id": 3,
  "customer_name": "Joe Doe",
  "customer_gender": "Male",
  "customer_age": 43,
  "customer_address": [
    {
      "house_number": 22,
      "street": "West Street",
      "city": "Plymouth",
      "postcode": "PL36 3GY"
    }
  ],
  "current_order": [
    {
      "current_orderID": 31,
      "total_cost": 9.98,
      "current_order_item": [
        {
          "item": 9,
          "quantity": 2
        }
      ]
    },
    {
      "current_orderID": 32,
      "total_cost": 5.48,
      "current_order_item": [
        {
          "item": 10,
          "quantity": 1
        }
      ]
    },
    {
      "current_orderID": 33,
      "total_cost": 34.95,
      "current_order_item": [
        {
          "item": 1,
          "quantity": 5
        }
      ]
    }
  ],
  "recommended_products": [
    14,
    1,
    2,
    13,
    7
  ]
},{
  "_id": {
    "$oid": "5ff72a0d757966ca009e3ec8"
  },
  "customer_id": 4,
  "customer_name": "Justine Green",
  "customer_gender": "Female",
  "customer_age": 53,
  "customer_address": [
    {
      "house_number": 93,
      "street": "Richmond Road",
      "city": "Norwich",
      "postcode": "NR16 5ML"
    },
    {
      "house_number": 6,
      "street": "Second Street",
      "city": "Swansea",
      "postcode": "SW11 7AR"
    }
  ],
  "current_order": [
    {
      "current_orderID": 41,
      "total_cost": 719.97,
      "current_order_item": [
        {
          "item": 15,
          "quantity": 3
        }
      ]
    },
    {
      "current_orderID": 42,
      "total_cost": 24.95,
      "current_order_item": [
        {
          "item": 9,
          "quantity": 5
        }
      ]
    },
    {
      "current_orderID": 43,
      "total_cost": 42.6,
      "current_order_item": [
        {
          "item": 6,
          "quantity": 2
        },
        {
          "item": 2,
          "quantity": 1
        }
      ]
    }
  ],
  "recommended_products": [
    14,
    1,
    7
  ]
},{
  "_id": {
    "$oid": "5ff72a0d757966ca009e3ec9"
  },
  "customer_id": 5,
  "customer_name": "Paul Small",
  "customer_gender": "Male",
  "customer_age": 66,
  "customer_address": [
    {
      "house_number": 72,
      "street": "Albert Road",
      "city": "Milton Keynes",
      "postcode": "MK67 9EY"
    }
  ],
  "current_order": [
    {
      "current_orderID": 51,
      "total_cost": 14.98,
      "current_order_item": [
        {
          "item": 5,
          "quantity": 2
        }
      ]
    },
    {
      "current_orderID": 52,
      "total_cost": 23.98,
      "current_order_item": [
        {
          "item": 8,
          "quantity": 2
        }
      ]
    },
    {
      "current_orderID": 53,
      "total_cost": 1276,
      "current_order_item": [
        {
          "item": 14,
          "quantity": 4
        }
      ]
    }
  ],
  "recommended_products": [
    6,
    2
  ]
},{
  "_id": {
    "$oid": "5ff72a0d757966ca009e3eca"
  },
  "customer_id": 6,
  "customer_name": "Brian O'Brian",
  "customer_gender": "Male",
  "customer_age": 34,
  "customer_address": [
    {
      "house_number": 71,
      "street": "Church Lane",
      "city": "Bristol",
      "postcode": "BS57 8AN"
    }
  ],
  "current_order": [
    {
      "current_orderID": 61,
      "total_cost": 74.99,
      "current_order_item": [
        {
          "item": 1,
          "quantity": 1
        },
        {
          "item": 12,
          "quantity": 1
        }
      ]
    },
    {
      "current_orderID": 62,
      "total_cost": 5.35,
      "current_order_item": [
        {
          "item": 4,
          "quantity": 1
        }
      ]
    }
  ],
  "recommended_products": [
    12,
    1
  ]
},{
  "_id": {
    "$oid": "5ff72a0d757966ca009e3ecb"
  },
  "customer_id": 7,
  "customer_name": "Bryce Price",
  "customer_gender": "Male",
  "customer_age": 24,
  "customer_address": [
    {
      "house_number": 21,
      "street": "Mill Road",
      "city": "London",
      "postcode": "E63 5DJ"
    }
  ],
  "current_order": [
    {
      "current_orderID": 71,
      "total_cost": 59.85,
      "current_order_item": [
        {
          "item": 11,
          "quantity": 3
        }
      ]
    },
    {
      "current_orderID": 72,
      "total_cost": 119.82,
      "current_order_item": [
        {
          "item": 3,
          "quantity": 8
        },
        {
          "item": 11,
          "quantity": 2
        }
      ]
    },
    {
      "current_orderID": 73,
      "total_cost": 719.97,
      "current_order_item": [
        {
          "item": 15,
          "quantity": 3
        }
      ]
    }
  ],
  "recommended_products": [
    5,
    6
  ]
},{
  "_id": {
    "$oid": "5ff72a0d757966ca009e3ecc"
  },
  "customer_id": 8,
  "customer_name": "Ivana Ivanov",
  "customer_gender": "Female",
  "customer_age": 39,
  "customer_address": [
    {
      "house_number": 88,
      "street": "Victoria Street",
      "city": "London",
      "postcode": "SE45 7OA"
    }
  ],
  "current_order": [
    {
      "current_orderID": 81,
      "total_cost": 52.5,
      "current_order_item": [
        {
          "item": 2,
          "quantity": 3
        }
      ]
    },
    {
      "current_orderID": 82,
      "total_cost": 809.91,
      "current_order_item": [
        {
          "item": 13,
          "quantity": 9
        }
      ]
    }
  ],
  "recommended_products": [
    14,
    1,
    5,
    13,
    9
  ]
},{
  "_id": {
    "$oid": "5ff72a0d757966ca009e3ecd"
  },
  "customer_id": 9,
  "customer_name": "Stacy Lacy",
  "customer_gender": "Female",
  "customer_age": 30,
  "customer_address": [
    {
      "house_number": 725,
      "street": "Highfield Road",
      "city": "London",
      "postcode": "N24 6QR"
    }
  ],
  "current_order": [
    {
      "current_orderID": 91,
      "total_cost": 12.55,
      "current_order_item": [
        {
          "item": 6,
          "quantity": 1
        }
      ]
    },
    {
      "current_orderID": 92,
      "total_cost": 29.97,
      "current_order_item": [
        {
          "item": 3,
          "quantity": 3
        }
      ]
    }
  ],
  "recommended_products": [
    11,
    4
  ]
},{
  "_id": {
    "$oid": "5ff72a0d757966ca009e3ece"
  },
  "customer_id": 10,
  "customer_name": "Bea Lee",
  "customer_gender": "Female",
  "customer_age": 41,
  "customer_address": [
    {
      "house_number": "8A",
      "street": "South Street",
      "city": "Harrogate",
      "postcode": "HG13 8OB"
    }
  ],
  "current_order": [
    {
      "current_orderID": 101,
      "total_cost": 7.49,
      "current_order_item": [
        {
          "item": 5,
          "quantity": 1
        }
      ]
    },
    {
      "current_orderID": 102,
      "total_cost": 354.97,
      "current_order_item": [
        {
          "item": 8,
          "quantity": 3
        },
        {
          "item": 14,
          "quantity": 1
        }
      ]
    },
    {
      "current_orderID": 103,
      "total_cost": 239.99,
      "current_order_item": [
        {
          "item": 15,
          "quantity": 1
        }
      ]
    },
    {
      "current_orderID": 104,
      "total_cost": 48.95,
      "current_order_item": [
        {
          "item": 1,
          "quantity": 7
        },
        {
          "item": 7,
          "quantity": 2
        }
      ]
    }
  ],
  "recommended_products": [
    1,
    2,
    13,
    7
  ]
}]