[{
  "_id": {
    "$oid": "5ff5cdcfdb8fe252762e6718"
  },
  "product": 11,
  "date": "1-1-2021",
  "quantity": 2030,
  "wh_name": "YoHA",
  "wh_location": "Yeovil"
},{
  "_id": {
    "$oid": "5ff5cdcfdb8fe252762e6719"
  },
  "product": 11,
  "date": "2-1-2021",
  "quantity": 1442,
  "wh_name": "YoHA",
  "wh_location": "Yeovil"
},{
  "_id": {
    "$oid": "5ff5cdcfdb8fe252762e671a"
  },
  "product": 12,
  "date": "1-1-2021",
  "quantity": 613,
  "wh_name": "YoHA",
  "wh_location": "Yeovil"
},{
  "_id": {
    "$oid": "5ff5cdcfdb8fe252762e671b"
  },
  "product": 12,
  "date": "2-1-2021",
  "quantity": 226,
  "wh_name": "YoHA",
  "wh_location": "Yeovil"
},{
  "_id": {
    "$oid": "5ff5cdcfdb8fe252762e671c"
  },
  "product": 1,
  "date": "1-1-2021",
  "quantity": 20,
  "wh_name": "LonB",
  "wh_location": "London"
},{
  "_id": {
    "$oid": "5ff5cdcfdb8fe252762e671d"
  },
  "product": 1,
  "date": "2-1-2021",
  "quantity": 18,
  "wh_name": "LonB",
  "wh_location": "London"
},{
  "_id": {
    "$oid": "5ff5cdcfdb8fe252762e671e"
  },
  "product": 2,
  "date": "1-1-2021",
  "quantity": 180,
  "wh_name": "LonB",
  "wh_location": "London"
},{
  "_id": {
    "$oid": "5ff5cdcfdb8fe252762e671f"
  },
  "product": 2,
  "date": "2-1-2021",
  "quantity": 165,
  "wh_name": "LonB",
  "wh_location": "London"
},{
  "_id": {
    "$oid": "5ff5cdcfdb8fe252762e6720"
  },
  "product": 3,
  "date": "1-1-2021",
  "quantity": 180,
  "wh_name": "LonB",
  "wh_location": "London"
},{
  "_id": {
    "$oid": "5ff5cdcfdb8fe252762e6721"
  },
  "product": 3,
  "date": "2-1-2021",
  "quantity": 144,
  "wh_name": "LonB",
  "wh_location": "London"
},{
  "_id": {
    "$oid": "5ff5cdcfdb8fe252762e6722"
  },
  "product": 4,
  "date": "1-1-2021",
  "quantity": 44,
  "wh_name": "LonB",
  "wh_location": "London"
},{
  "_id": {
    "$oid": "5ff5cdcfdb8fe252762e6723"
  },
  "product": 4,
  "date": "2-1-2021",
  "quantity": 144,
  "wh_name": "LonB",
  "wh_location": "London"
},{
  "_id": {
    "$oid": "5ff5cdcfdb8fe252762e6724"
  },
  "product": 5,
  "date": "1-1-2021",
  "quantity": 180,
  "wh_name": "LivB",
  "wh_location": "Liverpool"
},{
  "_id": {
    "$oid": "5ff5cdcfdb8fe252762e6725"
  },
  "product": 5,
  "date": "2-1-2021",
  "quantity": 180,
  "wh_name": "LivB",
  "wh_location": "Liverpool"
},{
  "_id": {
    "$oid": "5ff5cdcfdb8fe252762e6726"
  },
  "product": 14,
  "date": "1-1-2021",
  "quantity": 154,
  "wh_name": "LivA",
  "wh_location": "Liverpool"
},{
  "_id": {
    "$oid": "5ff5cdcfdb8fe252762e6727"
  },
  "product": 14,
  "date": "2-1-2021",
  "quantity": 100,
  "wh_name": "LivA",
  "wh_location": "Liverpool"
},{
  "_id": {
    "$oid": "5ff5cdcfdb8fe252762e6728"
  },
  "product": 15,
  "date": "1-1-2021",
  "quantity": 231,
  "wh_name": "ManHA",
  "wh_location": "Manchester"
},{
  "_id": {
    "$oid": "5ff5cdcfdb8fe252762e6729"
  },
  "product": 15,
  "date": "2-1-2021",
  "quantity": 200,
  "wh_name": "ManHA",
  "wh_location": "Manchester"
},{
  "_id": {
    "$oid": "5ff5cdcfdb8fe252762e672a"
  },
  "product": 13,
  "date": "1-1-2021",
  "quantity": 988,
  "wh_name": "MKHA",
  "wh_location": "Milton Keynes"
},{
  "_id": {
    "$oid": "5ff5cdcfdb8fe252762e672b"
  },
  "product": 13,
  "date": "2-1-2021",
  "quantity": 917,
  "wh_name": "MKHA",
  "wh_location": "Milton Keynes"
},{
  "_id": {
    "$oid": "5ff5cdcfdb8fe252762e672c"
  },
  "product": 9,
  "date": "1-1-2021",
  "quantity": 250,
  "wh_name": "BirmCD",
  "wh_location": "Birmingham"
},{
  "_id": {
    "$oid": "5ff5cdcfdb8fe252762e672d"
  },
  "product": 9,
  "date": "2-1-2021",
  "quantity": 180,
  "wh_name": "BirmCD",
  "wh_location": "Birmingham"
},{
  "_id": {
    "$oid": "5ff5cdcfdb8fe252762e672e"
  },
  "product": 10,
  "date": "1-1-2021",
  "quantity": 1000,
  "wh_name": "BirmCD",
  "wh_location": "Birmingham"
},{
  "_id": {
    "$oid": "5ff5cdcfdb8fe252762e672f"
  },
  "product": 10,
  "date": "2-1-2021",
  "quantity": 1000,
  "wh_name": "BirmCD",
  "wh_location": "Birmingham"
},{
  "_id": {
    "$oid": "5ff5cdcfdb8fe252762e6730"
  },
  "product": 6,
  "date": "1-1-2021",
  "quantity": 210,
  "wh_name": "LonB",
  "wh_location": "London"
},{
  "_id": {
    "$oid": "5ff5cdcfdb8fe252762e6731"
  },
  "product": 6,
  "date": "2-1-2021",
  "quantity": 16,
  "wh_name": "LonB",
  "wh_location": "London"
},{
  "_id": {
    "$oid": "5ff5cdcfdb8fe252762e6732"
  },
  "product": 7,
  "date": "1-1-2021",
  "quantity": 14,
  "wh_name": "LonB",
  "wh_location": "London"
},{
  "_id": {
    "$oid": "5ff5cdcfdb8fe252762e6733"
  },
  "product": 7,
  "date": "2-1-2021",
  "quantity": 12,
  "wh_name": "LonB",
  "wh_location": "London"
},{
  "_id": {
    "$oid": "5ff5cdcfdb8fe252762e6734"
  },
  "product": 8,
  "date": "1-1-2021",
  "quantity": 1000,
  "wh_name": "LonB",
  "wh_location": "London"
},{
  "_id": {
    "$oid": "5ff5cdcfdb8fe252762e6735"
  },
  "product": 8,
  "date": "2-1-2021",
  "quantity": 600,
  "wh_name": "LonB",
  "wh_location": "London"
}]