[{
  "_id": {
    "$oid": "5ff48b42bb57970e04771df0"
  },
  "customerID": 1,
  "past_orderID": 11,
  "date": "2015-01-21",
  "total_cost": 87.5,
  "past_order_item": [
    {
      "item": 2,
      "quantity": 5
    }
  ]
},{
  "_id": {
    "$oid": "5ff48b42bb57970e04771df1"
  },
  "customerID": 1,
  "past_orderID": 12,
  "date": "2016-03-20",
  "total_cost": 19.98,
  "past_order_item": [
    {
      "item": 3,
      "quantity": 2
    }
  ]
},{
  "_id": {
    "$oid": "5ff48b42bb57970e04771df2"
  },
  "customerID": 1,
  "past_orderID": 13,
  "date": "2016-05-03",
  "total_cost": 21.4,
  "past_order_item": [
    {
      "item": 4,
      "quantity": 4
    }
  ]
},{
  "_id": {
    "$oid": "5ff48b42bb57970e04771df3"
  },
  "customerID": 1,
  "past_orderID": 14,
  "date": "2017-01-04",
  "total_cost": 59.85,
  "past_order_item": [
    {
      "item": 11,
      "quantity": 3
    }
  ]
},{
  "_id": {
    "$oid": "5ff48b42bb57970e04771df4"
  },
  "customerID": 1,
  "past_orderID": 15,
  "date": "2018-01-05",
  "total_cost": 1365.99,
  "past_order_item": [
    {
      "item": 13,
      "quantity": 1
    },
    {
      "item": 14,
      "quantity": 4
    }
  ]
},{
  "_id": {
    "$oid": "5ff48b42bb57970e04771df5"
  },
  "customerID": 2,
  "past_orderID": 21,
  "date": "2015-01-01",
  "total_cost": 59.95,
  "past_order_item": [
    {
      "item": 8,
      "quantity": 5
    }
  ]
},{
  "_id": {
    "$oid": "5ff48b42bb57970e04771df6"
  },
  "customerID": 2,
  "past_orderID": 22,
  "date": "2016-04-20",
  "total_cost": 5.48,
  "past_order_item": [
    {
      "item": 10,
      "quantity": 1
    }
  ]
},{
  "_id": {
    "$oid": "5ff48b42bb57970e04771df7"
  },
  "customerID": 2,
  "past_orderID": 23,
  "date": "2016-05-02",
  "total_cost": 204,
  "past_order_item": [
    {
      "item": 12,
      "quantity": 3
    }
  ]
},{
  "_id": {
    "$oid": "5ff48b42bb57970e04771df8"
  },
  "customerID": 2,
  "past_orderID": 24,
  "date": "2019-01-04",
  "total_cost": 50,
  "past_order_item": [
    {
      "item": 6,
      "quantity": 1
    },
    {
      "item": 5,
      "quantity": 5
    }
  ]
},{
  "_id": {
    "$oid": "5ff48b42bb57970e04771df9"
  },
  "customerID": 3,
  "past_orderID": 31,
  "date": "2014-01-01",
  "total_cost": 20.98,
  "past_order_item": [
    {
      "item": 7,
      "quantity": 2
    }
  ]
},{
  "_id": {
    "$oid": "5ff48b42bb57970e04771dfa"
  },
  "customerID": 3,
  "past_orderID": 32,
  "date": "2016-03-25",
  "total_cost": 14.97,
  "past_order_item": [
    {
      "item": 9,
      "quantity": 3
    }
  ]
},{
  "_id": {
    "$oid": "5ff48b42bb57970e04771dfb"
  },
  "customerID": 3,
  "past_orderID": 33,
  "date": "2016-12-03",
  "total_cost": 5.48,
  "past_order_item": [
    {
      "item": 10,
      "quantity": 1
    }
  ]
},{
  "_id": {
    "$oid": "5ff48b42bb57970e04771dfc"
  },
  "customerID": 3,
  "past_orderID": 34,
  "date": "2017-01-04",
  "total_cost": 13.98,
  "past_order_item": [
    {
      "item": 6,
      "quantity": 1
    }
  ]
},{
  "_id": {
    "$oid": "5ff48b42bb57970e04771dfd"
  },
  "customerID": 3,
  "past_orderID": 35,
  "date": "2018-01-25",
  "total_cost": 204,
  "past_order_item": [
    {
      "item": 12,
      "quantity": 3
    }
  ]
},{
  "_id": {
    "$oid": "5ff48b42bb57970e04771dfe"
  },
  "customerID": 4,
  "past_orderID": 41,
  "date": "2013-02-01",
  "total_cost": 7.49,
  "past_order_item": [
    {
      "item": 5,
      "quantity": 1
    }
  ]
},{
  "_id": {
    "$oid": "5ff48b42bb57970e04771dff"
  },
  "customerID": 4,
  "past_orderID": 42,
  "date": "2016-03-05",
  "total_cost": 4.99,
  "past_order_item": [
    {
      "item": 9,
      "quantity": 1
    }
  ]
},{
  "_id": {
    "$oid": "5ff48b42bb57970e04771e00"
  },
  "customerID": 4,
  "past_orderID": 43,
  "date": "2016-12-01",
  "total_cost": 17.5,
  "past_order_item": [
    {
      "item": 2,
      "quantity": 1
    }
  ]
},{
  "_id": {
    "$oid": "5ff48b42bb57970e04771e01"
  },
  "customerID": 4,
  "past_orderID": 44,
  "date": "2019-01-04",
  "total_cost": 20.98,
  "past_order_item": [
    {
      "item": 7,
      "quantity": 2
    }
  ]
},{
  "_id": {
    "$oid": "5ff48b42bb57970e04771e02"
  },
  "customerID": 4,
  "past_orderID": 45,
  "date": "2019-01-25",
  "total_cost": 319,
  "past_order_item": [
    {
      "item": 14,
      "quantity": 1
    }
  ]
},{
  "_id": {
    "$oid": "5ff48b42bb57970e04771e03"
  },
  "customerID": 4,
  "past_orderID": 46,
  "date": "2019-01-26",
  "total_cost": 89.99,
  "past_order_item": [
    {
      "item": 13,
      "quantity": 1
    }
  ]
},{
  "_id": {
    "$oid": "5ff48b42bb57970e04771e04"
  },
  "customerID": 5,
  "past_orderID": 51,
  "date": "2013-02-01",
  "total_cost": 35.97,
  "past_order_item": [
    {
      "item": 8,
      "quantity": 3
    }
  ]
},{
  "_id": {
    "$oid": "5ff48b42bb57970e04771e05"
  },
  "customerID": 5,
  "past_orderID": 52,
  "date": "2014-03-05",
  "total_cost": 21.4,
  "past_order_item": [
    {
      "item": 4,
      "quantity": 4
    }
  ]
},{
  "_id": {
    "$oid": "5ff48b42bb57970e04771e06"
  },
  "customerID": 5,
  "past_orderID": 53,
  "date": "2016-12-11",
  "total_cost": 489.97,
  "past_order_item": [
    {
      "item": 15,
      "quantity": 2
    },
    {
      "item": 3,
      "quantity": 1
    }
  ]
},{
  "_id": {
    "$oid": "5ff48b42bb57970e04771e07"
  },
  "customerID": 5,
  "past_orderID": 54,
  "date": "2018-01-25",
  "total_cost": 52.5,
  "past_order_item": [
    {
      "item": 2,
      "quantity": 3
    }
  ]
},{
  "_id": {
    "$oid": "5ff48b42bb57970e04771e08"
  },
  "customerID": 5,
  "past_orderID": 55,
  "date": "2019-04-26",
  "total_cost": 83.92,
  "past_order_item": [
    {
      "item": 7,
      "quantity": 8
    }
  ]
},{
  "_id": {
    "$oid": "5ff48b42bb57970e04771e09"
  },
  "customerID": 6,
  "past_orderID": 61,
  "date": "2015-02-01",
  "total_cost": 1630.97,
  "past_order_item": [
    {
      "item": 8,
      "quantity": 3
    },
    {
      "item": 14,
      "quantity": 5
    }
  ]
},{
  "_id": {
    "$oid": "5ff48b42bb57970e04771e0a"
  },
  "customerID": 6,
  "past_orderID": 62,
  "date": "2016-12-11",
  "total_cost": 77.98,
  "past_order_item": [
    {
      "item": 9,
      "quantity": 2
    },
    {
      "item": 12,
      "quantity": 1
    }
  ]
},{
  "_id": {
    "$oid": "5ff48b42bb57970e04771e0b"
  },
  "customerID": 6,
  "past_orderID": 63,
  "date": "2018-01-25",
  "total_cost": 39.9,
  "past_order_item": [
    {
      "item": 11,
      "quantity": 2
    }
  ]
},{
  "_id": {
    "$oid": "5ff48b42bb57970e04771e0c"
  },
  "customerID": 6,
  "past_orderID": 64,
  "date": "2019-04-26",
  "total_cost": 41.94,
  "past_order_item": [
    {
      "item": 1,
      "quantity": 6
    }
  ]
},{
  "_id": {
    "$oid": "5ff48b42bb57970e04771e0d"
  },
  "customerID": 6,
  "past_orderID": 65,
  "date": "2019-05-27",
  "total_cost": 23.54,
  "past_order_item": [
    {
      "item": 5,
      "quantity": 1
    },
    {
      "item": 4,
      "quantity": 3
    }
  ]
},{
  "_id": {
    "$oid": "5ff48b42bb57970e04771e0e"
  },
  "customerID": 7,
  "past_orderID": 71,
  "date": "2014-01-25",
  "total_cost": 239.99,
  "past_order_item": [
    {
      "item": 15,
      "quantity": 1
    }
  ]
},{
  "_id": {
    "$oid": "5ff48b42bb57970e04771e0f"
  },
  "customerID": 7,
  "past_orderID": 72,
  "date": "2015-04-26",
  "total_cost": 89.99,
  "past_order_item": [
    {
      "item": 13,
      "quantity": 1
    }
  ]
},{
  "_id": {
    "$oid": "5ff48b42bb57970e04771e10"
  },
  "customerID": 7,
  "past_orderID": 73,
  "date": "2016-05-27",
  "total_cost": 34.95,
  "past_order_item": [
    {
      "item": 3,
      "quantity": 2
    },
    {
      "item": 9,
      "quantity": 3
    }
  ]
},{
  "_id": {
    "$oid": "5ff48b42bb57970e04771e11"
  },
  "customerID": 7,
  "past_orderID": 74,
  "date": "2016-06-25",
  "total_cost": 59.92,
  "past_order_item": [
    {
      "item": 5,
      "quantity": 8
    }
  ]
},{
  "_id": {
    "$oid": "5ff48b42bb57970e04771e12"
  },
  "past_orderID": 75,
  "date": "2017-04-26",
  "total_cost": 39.96,
  "past_order_item": [
    {
      "item": 3,
      "quantity": 4
    }
  ]
},{
  "_id": {
    "$oid": "5ff48b42bb57970e04771e13"
  },
  "customerID": 7,
  "past_orderID": 76,
  "date": "2019-05-01",
  "total_cost": 5.35,
  "past_order_item": [
    {
      "item": 4,
      "quantity": 1
    }
  ]
},{
  "_id": {
    "$oid": "5ff48b42bb57970e04771e14"
  },
  "customerID": 8,
  "past_orderID": 81,
  "date": "2014-01-21",
  "total_cost": 37.65,
  "past_order_item": [
    {
      "item": 6,
      "quantity": 3
    }
  ]
},{
  "_id": {
    "$oid": "5ff48b42bb57970e04771e15"
  },
  "customerID": 8,
  "past_orderID": 82,
  "date": "2015-04-15",
  "total_cost": 1044.5,
  "past_order_item": [
    {
      "item": 2,
      "quantity": 5
    },
    {
      "item": 14,
      "quantity": 3
    }
  ]
},{
  "_id": {
    "$oid": "5ff48b42bb57970e04771e16"
  },
  "customerID": 8,
  "past_orderID": 83,
  "date": "2018-05-04",
  "total_cost": 6.99,
  "past_order_item": [
    {
      "item": 1,
      "quantity": 1
    }
  ]
},{
  "_id": {
    "$oid": "5ff48b42bb57970e04771e17"
  },
  "customerID": 8,
  "past_orderID": 84,
  "date": "2018-06-25",
  "total_cost": 11.99,
  "past_order_item": [
    {
      "item": 8,
      "quantity": 1
    }
  ]
},{
  "_id": {
    "$oid": "5ff48b42bb57970e04771e18"
  },
  "customerID": 8,
  "past_orderID": 85,
  "date": "2019-04-26",
  "total_cost": 39.9,
  "past_order_item": [
    {
      "item": 11,
      "quantity": 2
    }
  ]
},{
  "_id": {
    "$oid": "5ff48b42bb57970e04771e19"
  },
  "customerID": 9,
  "past_orderID": 91,
  "date": "2014-01-21",
  "total_cost": 63.41,
  "past_order_item": [
    {
      "item": 10,
      "quantity": 2
    },
    {
      "item": 7,
      "quantity": 5
    }
  ]
},{
  "_id": {
    "$oid": "5ff48b42bb57970e04771e1a"
  },
  "customerID": 9,
  "past_orderID": 92,
  "date": "2016-05-04",
  "total_cost": 449.95,
  "past_order_item": [
    {
      "item": 13,
      "quantity": 5
    }
  ]
},{
  "_id": {
    "$oid": "5ff48b42bb57970e04771e1b"
  },
  "customerID": 9,
  "past_orderID": 93,
  "date": "2017-05-04",
  "total_cost": 42.89,
  "past_order_item": [
    {
      "item": 10,
      "quantity": 4
    },
    {
      "item": 1,
      "quantity": 3
    }
  ]
},{
  "_id": {
    "$oid": "5ff48b42bb57970e04771e1c"
  },
  "customerID": 9,
  "past_orderID": 94,
  "date": "2017-07-05",
  "total_cost": 23.98,
  "past_order_item": [
    {
      "item": 8,
      "quantity": 2
    }
  ]
},{
  "_id": {
    "$oid": "5ff48b42bb57970e04771e1d"
  },
  "customerID": 9,
  "past_orderID": 95,
  "date": "2019-04-27",
  "total_cost": 73.83,
  "past_order_item": [
    {
      "item": 5,
      "quantity": 7
    },
    {
      "item": 4,
      "quantity": 4
    }
  ]
},{
  "_id": {
    "$oid": "5ff48b42bb57970e04771e1e"
  },
  "customerID": 10,
  "past_orderID": 101,
  "date": "2014-01-21",
  "total_cost": 14.97,
  "past_order_item": [
    {
      "item": 9,
      "quantity": 3
    }
  ]
},{
  "_id": {
    "$oid": "5ff48b42bb57970e04771e1f"
  },
  "customerID": 10,
  "past_orderID": 102,
  "date": "2016-05-17",
  "total_cost": 79.8,
  "past_order_item": [
    {
      "item": 11,
      "quantity": 4
    }
  ]
},{
  "_id": {
    "$oid": "5ff48b42bb57970e04771e20"
  },
  "customerID": 10,
  "past_orderID": 103,
  "date": "2017-05-24",
  "total_cost": 152.74,
  "past_order_item": [
    {
      "item": 6,
      "quantity": 5
    },
    {
      "item": 13,
      "quantity": 1
    }
  ]
},{
  "_id": {
    "$oid": "5ff48b42bb57970e04771e21"
  },
  "customerID": 10,
  "past_orderID": 104,
  "date": "2017-07-15",
  "total_cost": 274.99,
  "past_order_item": [
    {
      "item": 2,
      "quantity": 2
    },
    {
      "item": 15,
      "quantity": 1
    }
  ]
},{
  "_id": {
    "$oid": "5ff48b42bb57970e04771e22"
  },
  "customerID": 10,
  "past_orderID": 105,
  "date": "2019-04-27",
  "total_cost": 319,
  "past_order_item": [
    {
      "item": 5,
      "quantity": 7
    }
  ]
},{
  "_id": {
    "$oid": "5ff48b42bb57970e04771e23"
  },
  "customerID": 10,
  "past_orderID": 106,
  "date": "2020-06-15",
  "total_cost": 274.99,
  "past_order_item": [
    {
      "item": 3,
      "quantity": 2
    },
    {
      "item": 12,
      "quantity": 2
    }
  ]
}]