[{
  "_id": {
    "$oid": "5ff497b2bb57970e04771e74"
  },
  "product_id": 1,
  "product_type": "book",
  "product_name": "To Kill A Mockingbird",
  "description": "Lawyer Atticus Finch gives this advice to his children as he defends the real mockingbird of Harper Lee's classic novel - a black man charged with the rape of a white girl.",
  "dimensions": "17.8 x 11 x 1.1",
  "shipping_weight": 171,
  "avg_customer_rating": 4.2,
  "price_to_customer": 6.99,
  "cost_from_supplier": 2.99,
  "author_name": "Harper Lee",
  "book_publisher": "Cornerstone",
  "publication_year": 1989,
  "ISBN": 9780099419785
},{
  "_id": {
    "$oid": "5ff497b2bb57970e04771e75"
  },
  "product_id": 2,
  "product_type": "book",
  "product_name": "A Promised Land",
  "description": "Barack Obama tells the story of his improbable odyssey from young man searching for his identity to leader of the free world.",
  "dimensions": "24 x 16.2 x 5.1",
  "shipping_weight": 1064,
  "avg_customer_rating": 4.8,
  "price_to_customer": 17.5,
  "cost_from_supplier": 5,
  "author_name": "Barack Obama",
  "book_publisher": "Penguin Books Ltd",
  "publication_year": 2020,
  "ISBN": 9780241491515
},{
  "_id": {
    "$oid": "5ff497b2bb57970e04771e76"
  },
  "product_id": 3,
  "product_type": "book",
  "product_name": "The Kite Runner",
  "description": "Twelve-year-old Amir is desperate to win the local kite-fighting tournament and his loyal friend Hassan promises to help him. But neither of the boys can foresee what will happen to Hassan that afternoon, an event that is to shatter their lives.",
  "dimensions": "19.8 x 12.9 x 2.3",
  "shipping_weight": 262,
  "avg_customer_rating": 4.6,
  "price_to_customer": 9.99,
  "cost_from_supplier": 3.5,
  "author_name": "Khaled Hosseini",
  "book_publisher": "Bloomsbury Publishing PLC",
  "publication_year": 2018,
  "ISBN": 9781526604743
},{
  "_id": {
    "$oid": "5ff497b2bb57970e04771e77"
  },
  "product_id": 4,
  "product_type": "book",
  "product_name": "Catch 22",
  "description": "Captain John Yossarian, reluctant US army bombardier, is stuck on a Mediterranean island in the dog days of the Second World War.",
  "dimensions": "19.8 x 12.9 x 3.3",
  "shipping_weight": 362,
  "avg_customer_rating": 3.7,
  "price_to_customer": 5.35,
  "cost_from_supplier": 1.99,
  "author_name": "Joseph Heller",
  "book_publisher": "Vintage Publishing",
  "publication_year": 1994,
  "ISBN": 9780099477310
},{
  "_id": {
    "$oid": "5ff497b2bb57970e04771e78"
  },
  "product_id": 5,
  "product_type": "book",
  "product_name": "Gone Girl",
  "description": "Alternating between the present-day narrative of husband Nick Dunne and the past diary entries of his wife Amy, we learn their previously perfect marriage has come undone following a move from New York to semi-rural Missouri.",
  "dimensions": "19.5 x 13.1 x 3.3",
  "shipping_weight": 460,
  "avg_customer_rating": 4.1,
  "price_to_customer": 7.49,
  "cost_from_supplier": 0.9,
  "author_name": "Gillian Flynn",
  "book_publisher": "Orion Publishing Co",
  "publication_year": 2013,
  "ISBN": 9780753827666
},{
  "_id": {
    "$oid": "5ff497b2bb57970e04771e79"
  },
  "product_id": 6,
  "product_type": "CD",
  "product_name": "Queen Greatest Hits",
  "description": "To celebrate 40 years since Freddie Mercury, Brian May, John Deacon and Roger Taylor formed the band, Queen's Greatest Hits has been digitally re-mastered for 2011 by Bob Ludwig.",
  "dimensions": "14.0 x 12.7 x 0.8",
  "shipping_weight": 91,
  "avg_customer_rating": 4.7,
  "price_to_customer": 12.55,
  "cost_from_supplier": 4.99,
  "artist_name": "Queen",
  "number_of_tracks": 17,
  "playing_time": "00:58:44",
  "cd_publisher": "Island Records"
},{
  "_id": {
    "$oid": "5ff497b2bb57970e04771e7a"
  },
  "product_id": 7,
  "product_type": "CD",
  "product_name": "The Dark Side of the Moon",
  "description": "Originally released in 1973, it is one of the best-selling and most critically acclaimed albums of all time. The new Discovery version presents the original studio album, digitally re-mastered by James Guthrie.",
  "dimensions": "14.3 x 13.0 x 0.6",
  "shipping_weight": 50,
  "avg_customer_rating": 4.5,
  "price_to_customer": 10.49,
  "cost_from_supplier": 6.2,
  "artist_name": "Pink Floyd",
  "number_of_tracks": 10,
  "playing_time": "00:51:09",
  "cd_publisher": "EMI Catalogue"
},{
  "_id": {
    "$oid": "5ff497b2bb57970e04771e7b"
  },
  "product_id": 8,
  "product_type": "CD",
  "product_name": "Evermore",
  "description": "The ninth studio album by American singer-songwriter Taylor Swift.",
  "dimensions": "14.2 x 12.5 x 1.2",
  "shipping_weight": 98,
  "avg_customer_rating": 4.2,
  "price_to_customer": 11.99,
  "cost_from_supplier": 7,
  "artist_name": "Taylor Swift",
  "number_of_tracks": 17,
  "playing_time": "00:69:00",
  "cd_publisher": "Universal Music"
},{
  "_id": {
    "$oid": "5ff497b2bb57970e04771e7c"
  },
  "product_id": 9,
  "product_type": "CD",
  "product_name": "These Streets",
  "description": "The debut from Scottish singer-songwriter Paolo Nutini, These Streets is soulful and mature despite Nutini's young age at release.",
  "dimensions": "14.6 x 12.7 x 1.3",
  "shipping_weight": 91,
  "avg_customer_rating": 4.4,
  "price_to_customer": 4.99,
  "cost_from_supplier": 2.5,
  "artist_name": "Paolo Nutini",
  "number_of_tracks": 10,
  "playing_time": "00:44:25",
  "cd_publisher": "Atlantic"
},{
  "_id": {
    "$oid": "5ff497b2bb57970e04771e7d"
  },
  "product_id": 10,
  "product_type": "CD",
  "product_name": "Back to Black",
  "description": "Second studio album by the late singer, the album was co-produced by her close friend Mark Ronson.",
  "dimensions": "14.2 x 12.5 x 1.0",
  "shipping_weight": 100,
  "avg_customer_rating": 4.7,
  "price_to_customer": 5.48,
  "cost_from_supplier": 3.3,
  "artist_name": "Amy Winehouse",
  "number_of_tracks": 11,
  "playing_time": "00:34:56",
  "cd_publisher": "Island Records"
},{
  "_id": {
    "$oid": "5ff497b2bb57970e04771e7e"
  },
  "product_id": 11,
  "product_type": "home appliance",
  "product_name": "kettle",
  "description": "Russell Hobbs adventure brushed stainless steel electric kettle with open handle, 1.7 litre.",
  "dimensions": "15.8 x 22.5 x 24.5",
  "shipping_weight": 1400,
  "avg_customer_rating": 4.3,
  "price_to_customer": 19.95,
  "cost_from_supplier": 10,
  "colour": "silver",
  "voltage": 240,
  "style": "Russell Hobbs"
},{
  "_id": {
    "$oid": "5ff497b2bb57970e04771e7f"
  },
  "product_id": 12,
  "product_type": "home appliance",
  "product_name": "toaster",
  "description": "Dualit 2 slice toaster with bagel and defrost settings and 36 mm wide slots.",
  "dimensions": "27.0 x 17.0 x 20.0",
  "shipping_weight": 1700,
  "avg_customer_rating": 4.6,
  "price_to_customer": 68,
  "cost_from_supplier": 19.99,
  "colour": "cream",
  "voltage": 120,
  "style": "Dualit"
},{
  "_id": {
    "$oid": "5ff497b2bb57970e04771e80"
  },
  "product_id": 13,
  "product_type": "home appliance",
  "product_name": "microwave",
  "description": "Toshiba microwave oven with crispy grill, energy saving ecofunction, 8 auto menus, 5 power levels and position memory turntable.",
  "dimensions": "48.5 x 40.3 x 29.6",
  "shipping_weight": 14100,
  "avg_customer_rating": 3.8,
  "price_to_customer": 89.99,
  "cost_from_supplier": 50.5,
  "colour": "black",
  "voltage": 120,
  "style": "Toshiba"
},{
  "_id": {
    "$oid": "5ff497b2bb57970e04771e81"
  },
  "product_id": 14,
  "product_type": "home appliance",
  "product_name": "washing machine",
  "description": "Bosch series 2 freestanding washine machine, 7kg load, 1400rpm spin.",
  "dimensions": "54600029.0 x 59.8 x 84.8",
  "shipping_weight": 68900,
  "avg_customer_rating": 4.7,
  "price_to_customer": 319,
  "cost_from_supplier": 150,
  "colour": "white",
  "voltage": 240,
  "style": "Bosch"
},{
  "_id": {
    "$oid": "5ff497b2bb57970e04771e82"
  },
  "product_id": 15,
  "product_type": "home appliance",
  "product_name": "coffee machine",
  "description": "De'Longhi cafe corso bean to cup coffee machine with 4 coffee options, strength selector and a milk frother.",
  "dimensions": "28.5 x 36.0 x 37.5",
  "shipping_weight": 10000,
  "avg_customer_rating": 4.5,
  "price_to_customer": 239.99,
  "cost_from_supplier": 190,
  "colour": "black",
  "voltage": 240,
  "style": "De'Longhi"
}]