[{
  "_id": {
    "$oid": "5ff073d1b4542c4942edbedb"
  },
  "customer": 1,
  "product": 2,
  "score": 2
},{
  "_id": {
    "$oid": "5ff073d1b4542c4942edbedc"
  },
  "customer": 1,
  "product": 6,
  "score": 3
},{
  "_id": {
    "$oid": "5ff073d1b4542c4942edbedd"
  },
  "customer": 1,
  "product": 11,
  "score": 3
},{
  "_id": {
    "$oid": "5ff073d1b4542c4942edbede"
  },
  "customer": 1,
  "product": 9,
  "score": 5
},{
  "_id": {
    "$oid": "5ff073d1b4542c4942edbedf"
  },
  "customer": 1,
  "product": 1,
  "score": 2
},{
  "_id": {
    "$oid": "5ff073d1b4542c4942edbee0"
  },
  "customer": 2,
  "product": 5,
  "score": 3
},{
  "_id": {
    "$oid": "5ff073d1b4542c4942edbee1"
  },
  "customer": 2,
  "product": 10,
  "score": 2
},{
  "_id": {
    "$oid": "5ff073d1b4542c4942edbee2"
  },
  "customer": 2,
  "product": 8,
  "score": 2
},{
  "_id": {
    "$oid": "5ff073d1b4542c4942edbee3"
  },
  "customer": 2,
  "product": 13,
  "score": 3
},{
  "_id": {
    "$oid": "5ff073d1b4542c4942edbee4"
  },
  "customer": 2,
  "product": 9,
  "score": 1
},{
  "_id": {
    "$oid": "5ff073d1b4542c4942edbee5"
  },
  "customer": 3,
  "product": 1,
  "score": 2
},{
  "_id": {
    "$oid": "5ff073d1b4542c4942edbee6"
  },
  "customer": 3,
  "product": 8,
  "score": 4
},{
  "_id": {
    "$oid": "5ff073d1b4542c4942edbee7"
  },
  "customer": 3,
  "product": 7,
  "score": 4
},{
  "_id": {
    "$oid": "5ff073d1b4542c4942edbee8"
  },
  "customer": 3,
  "product": 2,
  "score": 1
},{
  "_id": {
    "$oid": "5ff073d1b4542c4942edbee9"
  },
  "customer": 3,
  "product": 14,
  "score": 4
},{
  "_id": {
    "$oid": "5ff073d1b4542c4942edbeea"
  },
  "customer": 4,
  "product": 4,
  "score": 5
},{
  "_id": {
    "$oid": "5ff073d1b4542c4942edbeeb"
  },
  "customer": 4,
  "product": 6,
  "score": 2
},{
  "_id": {
    "$oid": "5ff073d1b4542c4942edbeec"
  },
  "customer": 4,
  "product": 2,
  "score": 4
},{
  "_id": {
    "$oid": "5ff073d1b4542c4942edbeed"
  },
  "customer": 4,
  "product": 10,
  "score": 5
},{
  "_id": {
    "$oid": "5ff073d1b4542c4942edbeee"
  },
  "customer": 4,
  "product": 3,
  "score": 4
},{
  "_id": {
    "$oid": "5ff073d1b4542c4942edbeef"
  },
  "customer": 5,
  "product": 1,
  "score": 4
},{
  "_id": {
    "$oid": "5ff073d1b4542c4942edbef0"
  },
  "customer": 5,
  "product": 3,
  "score": 2
},{
  "_id": {
    "$oid": "5ff073d1b4542c4942edbef1"
  },
  "customer": 5,
  "product": 12,
  "score": 3
},{
  "_id": {
    "$oid": "5ff073d1b4542c4942edbef2"
  },
  "customer": 5,
  "product": 9,
  "score": 5
},{
  "_id": {
    "$oid": "5ff073d1b4542c4942edbef3"
  },
  "customer": 5,
  "product": 14,
  "score": 4
},{
  "_id": {
    "$oid": "5ff073d1b4542c4942edbef4"
  },
  "customer": 6,
  "product": 14,
  "score": 2
},{
  "_id": {
    "$oid": "5ff073d1b4542c4942edbef5"
  },
  "customer": 6,
  "product": 8,
  "score": 3
},{
  "_id": {
    "$oid": "5ff073d1b4542c4942edbef6"
  },
  "customer": 6,
  "product": 6,
  "score": 5
},{
  "_id": {
    "$oid": "5ff073d1b4542c4942edbef7"
  },
  "customer": 6,
  "product": 7,
  "score": 2
},{
  "_id": {
    "$oid": "5ff073d1b4542c4942edbef8"
  },
  "customer": 6,
  "product": 11,
  "score": 4
},{
  "_id": {
    "$oid": "5ff073d1b4542c4942edbef9"
  },
  "customer": 7,
  "product": 11,
  "score": 3
},{
  "_id": {
    "$oid": "5ff073d1b4542c4942edbefa"
  },
  "customer": 7,
  "product": 15,
  "score": 5
},{
  "_id": {
    "$oid": "5ff073d1b4542c4942edbefb"
  },
  "customer": 7,
  "product": 3,
  "score": 5
},{
  "_id": {
    "$oid": "5ff073d1b4542c4942edbefc"
  },
  "customer": 7,
  "product": 13,
  "score": 2
},{
  "_id": {
    "$oid": "5ff073d1b4542c4942edbefd"
  },
  "customer": 7,
  "product": 14,
  "score": 5
},{
  "_id": {
    "$oid": "5ff073d1b4542c4942edbefe"
  },
  "customer": 8,
  "product": 9,
  "score": 4
},{
  "_id": {
    "$oid": "5ff073d1b4542c4942edbeff"
  },
  "customer": 8,
  "product": 13,
  "score": 5
},{
  "_id": {
    "$oid": "5ff073d1b4542c4942edbf00"
  },
  "customer": 8,
  "product": 7,
  "score": 5
},{
  "_id": {
    "$oid": "5ff073d1b4542c4942edbf01"
  },
  "customer": 8,
  "product": 12,
  "score": 4
},{
  "_id": {
    "$oid": "5ff073d1b4542c4942edbf02"
  },
  "customer": 8,
  "product": 5,
  "score": 2
},{
  "_id": {
    "$oid": "5ff073d1b4542c4942edbf03"
  },
  "customer": 9,
  "product": 4,
  "score": 5
},{
  "_id": {
    "$oid": "5ff073d1b4542c4942edbf04"
  },
  "customer": 9,
  "product": 15,
  "score": 5
},{
  "_id": {
    "$oid": "5ff073d1b4542c4942edbf05"
  },
  "customer": 9,
  "product": 12,
  "score": 4
},{
  "_id": {
    "$oid": "5ff073d1b4542c4942edbf06"
  },
  "customer": 9,
  "product": 7,
  "score": 4
},{
  "_id": {
    "$oid": "5ff073d1b4542c4942edbf07"
  },
  "customer": 9,
  "product": 3,
  "score": 3
},{
  "_id": {
    "$oid": "5ff073d1b4542c4942edbf08"
  },
  "customer": 10,
  "product": 15,
  "score": 1
},{
  "_id": {
    "$oid": "5ff073d1b4542c4942edbf09"
  },
  "customer": 10,
  "product": 8,
  "score": 5
},{
  "_id": {
    "$oid": "5ff073d1b4542c4942edbf0a"
  },
  "customer": 10,
  "product": 4,
  "score": 5
},{
  "_id": {
    "$oid": "5ff073d1b4542c4942edbf0b"
  },
  "customer": 10,
  "product": 14,
  "score": 2
},{
  "_id": {
    "$oid": "5ff073d1b4542c4942edbf0c"
  },
  "customer": 10,
  "product": 5,
  "score": 5
}]